Jhon,2020-11-02 21:06:36.074,test
evan,2020-11-03 19:14:46.981,asd
evan,2020-11-03 19:17:19.138,hello
evan,2020-11-03 19:27:06.063,hey
evan,2020-11-03 19:40:21.07,welcome
Jhon,2020-11-03 20:02:48.445,hello
Jhon,2020-11-03 20:17:26.256,yes
Jhon,2020-11-03 20:25:37.031,well done
Jhon,2020-11-03 20:33:44.617,ok
Jhon,2020-11-03 20:36:50.958,hello
evan,2020-11-03 20:45:28.196,nice
Jhon,2020-11-03 21:36:43.806,every thing well
Jhon,2020-11-03 21:36:54.43,that's great
Jhon,2020-11-03 21:39:25.474,hello
Jhon,2020-11-03 21:39:48.968,I got it!!!!!
evan,2020-11-03 22:05:10.937,just for test
evan,2020-11-03 22:06:04.131,test again
evan,2020-11-03 22:22:35.629,hello
evan,2020-11-03 22:22:47.718,hey
Jhon,2020-11-03 22:23:04.47,hey
evan,2020-11-03 22:46:35.387,hello
evan,2020-11-03 22:46:47.77,i do next test
evan,2020-11-03 22:59:07.661,yes
Jhon,2020-11-04 10:34:08.909,i think all things are fine
Jhon,2020-11-04 10:36:16.502,let it go
Jhon,2020-11-04 10:36:25.144,come on
evan,2020-11-04 10:38:29.406,run
evan,2020-11-04 10:38:38.989,all things ok?
evan,2020-11-04 10:39:41.506,hello
Jhon,2020-11-04 10:39:45.628,hey
